Actual,Predicted
73.299995,77.39939
75.9,79.68744
89.2,81.119576
88.3,82.38751
90.0,84.56654
100.0,84.85239
85.4,85.76528
103.0,85.501915
91.200005,87.73024
65.7,88.88787
63.300003,88.59082
75.4,82.343735
70.0,81.36376
43.5,80.95368
45.300003,78.936874
56.4,75.50786
60.7,72.4165
50.7,69.519516
66.299995,65.64682
59.8,63.466003
23.5,60.12009
23.2,55.998543
28.5,52.962368
44.0,49.963936
35.0,46.853268
50.0,44.112316
71.0,43.94476
59.3,44.926483
59.7,45.17812
39.600002,45.26367
78.4,45.159916
29.300001,45.50066
27.1,44.714535
46.600002,45.654293
37.6,47.012753
40.0,47.63797
44.0,47.128567
31.999998,47.365868
45.7,45.984314
38.0,43.63185
36.0,42.007782
31.699999,40.27189
22.2,39.667458
39.0,35.910244
28.0,36.191505
25.0,36.257767
20.0,34.70153
6.7,33.43302
0.0,31.222115
3.0,28.117208
1.6999999,25.673265
13.7,22.20631
20.7,19.81117
26.7,18.141108
18.8,17.33145
12.299999,17.066559
8.200001,15.440627
24.1,14.309988
13.2,13.98576
4.2000003,13.830594
10.2,14.087967
11.2,14.778945
6.7999997,15.264388
6.5,15.589512
0.0,14.981996
0.0,13.591048
8.6,11.717125
3.2,10.706777
17.8,10.038501
23.7,10.197445
6.7999997,9.893198
20.0,9.884049
12.5,10.813079
7.1,11.194021
5.3999996,11.2325735
9.4,11.3544445
12.5,11.563902
12.900001,12.328639
3.6,13.132303
6.4,12.987205
11.8,13.102668
14.3,12.455818
17.0,11.679396
9.4,12.22329
14.1,11.710323
21.199999,11.826047
26.2,12.646207
30.0,13.941307
38.1,15.314943
12.8,17.024616
25.0,17.868248
51.300003,19.463232
39.7,22.060476
32.5,24.32104
64.7,26.118572
33.5,29.086142
37.6,31.713182
52.0,33.78302
49.0,35.883083
72.299995,37.71156
46.4,40.42979
45.0,41.901825
44.0,44.723457
38.7,46.314613
62.5,45.654907
37.7,46.787884
43.0,47.574947
43.0,46.06381
48.300003,46.70812
44.0,47.20681
46.8,46.550537
47.0,46.184177
49.0,44.314556
50.0,44.466312
51.0,44.82455
71.3,45.34563
77.2,47.227146
59.7,48.225384
46.3,50.517803
57.0,51.553173
67.299995,52.6819
59.5,53.94482
74.700005,55.334846
58.3,57.178516
72.0,58.462112
48.300003,60.02188
66.0,60.47605
75.6,61.227444
61.3,61.17774
50.6,60.390587
59.7,60.210014
61.0,61.050392
70.0,61.16778
91.0,61.042698
80.700005,62.696846
71.7,63.37166
107.2,64.835
99.3,66.939545
94.1,70.93208
91.1,73.535484
100.7,75.3272
88.7,78.48402
89.7,81.81643
46.0,84.26448
43.8,84.30972
72.799995,82.61621
45.7,80.39823
60.2,77.85578
39.899998,76.13814
77.1,71.13476
33.8,68.18975
67.700005,64.13826
68.5,61.40706
69.3,58.580215
77.799995,57.024372
77.2,56.14848
56.5,58.64931
31.9,60.318428
34.199997,58.373447
32.899998,57.71789
32.7,55.633823
35.800003,54.69417
54.2,51.221226
26.5,51.644657
68.1,48.700058
46.3,47.37162
60.899998,45.689125
61.4,44.117577
59.7,43.05987
59.7,43.685703
40.199997,46.114063
34.4,47.41663
44.3,48.059883
30.0,48.776924
30.0,48.529686
30.0,46.68705
28.2,46.54881
28.0,43.322548
26.0,41.561672
25.699999,38.66844
24.0,35.751503
26.0,32.946365
25.0,30.324795
22.0,29.107666
20.2,28.159729
20.0,26.444515
27.0,25.672106
29.7,25.191767
15.999999,24.979
14.0,24.404022
14.0,23.547134
13.0,22.685928
12.0,21.733727
11.0,20.798859
36.600002,19.651764
6.0,19.68983
26.8,19.085577
3.0,19.155035
3.3,18.414154
3.9999998,16.882505
4.3,15.101977
5.0,14.205165
5.7000003,13.441931
19.2,12.708621
27.4,12.631083
30.0,13.23669
43.0,14.3005495
32.899998,14.540776
29.8,16.77318
33.3,17.538145
21.9,20.013723
40.8,21.971766
42.7,24.4789
44.1,27.288464
54.7,30.231823
53.3,33.648323
53.5,36.270363
66.100006,38.40024
46.3,40.977406
42.7,42.012806
77.7,43.324017
77.4,46.285515
52.600002,49.596313
66.799995,52.72483
74.8,54.73762
77.799995,57.062416
90.600006,59.591385
111.8,62.13601
73.899994,66.14758
64.2,68.87048
64.3,69.75341
96.7,71.501526
73.6,74.66356
94.4,74.78069
118.6,75.77653
120.299995,79.886765
148.79999,83.62883
158.2,88.433495
148.1,94.05518
112.0,98.77759
104.0,100.615814
142.5,103.79144
80.1,108.58854
51.0,110.70344
70.1,108.670586
83.3,107.73907
109.799995,105.93027
126.299995,104.02568
104.399994,103.253174
103.6,100.36756
132.20001,96.86311
102.299995,95.4128
36.0,95.467186
46.199997,92.62344
46.7,86.5241
64.9,84.06014
152.7,83.96371
119.5,86.88075
67.700005,89.05954
58.5,87.31599
101.4,83.27597
90.0,82.18951
99.7,81.184044
95.7,78.96866
100.9,79.086624
90.799995,83.92319
31.1,87.43417
92.200005,87.60488
38.0,87.99676
57.0,80.69273
77.3,75.91228
56.2,75.635635
50.5,75.21429
78.600006,71.353035
61.3,69.446594
63.999996,66.55714
54.6,64.05446
29.0,60.883476
51.2,57.173878
32.899998,58.047604
41.1,53.923428
28.4,53.70073
27.7,51.459457
12.7,47.56441
29.300001,44.343582
26.300001,41.899227
40.9,37.597576
43.199997,35.34339
46.8,33.459427
65.4,32.74592
55.699997,34.891777
43.8,35.581364
51.300003,37.079475
28.5,38.16779
17.5,39.125546
6.6,39.11931
7.9,39.0635
14.0,37.331074
17.7,35.79175
12.2,33.38741
4.4,30.657963
0.0,27.277548
11.6,22.385963
11.2,18.682995
3.9,16.042206
12.299999,12.840011
0.99999994,11.530147
7.9,10.632775
3.2,10.571484
5.6,10.256753
15.099999,9.5869665
7.9,9.136134
21.7,8.973354
11.6,9.861482
6.3,10.825749
21.800001,10.736207
11.2,11.214472
19.0,11.945406
0.99999994,12.384953
24.199999,12.885327
15.999999,13.6105
30.0,14.572128
35.0,15.937809
40.0,17.173218
45.0,19.344603
36.5,21.072392
39.0,23.343266
95.5,25.99016
80.3,30.220081
80.700005,35.728107
95.0,41.03257
112.0,48.39078
116.200005,55.23927
106.5,63.305557
146.0,70.088806
157.3,78.198425
177.3,86.99291
109.299995,96.57046
134.0,103.66992
145.0,110.19754
238.9,113.55358
171.59999,121.59199
153.0,127.77406
140.0,131.78932
171.7,133.84764
156.3,136.418
150.3,138.81108
105.0,139.0793
114.7,137.0298
165.7,133.96762
118.0,135.62402
145.0,134.78091
140.0,134.06908
113.7,129.22371
143.0,126.48509
112.0,125.518135
111.0,124.12962
124.0,120.81328
114.0,118.72304
110.0,116.72376
70.0,116.845505
98.0,114.472626
98.0,109.87674
95.0,108.03089
107.2,104.56427
88.0,101.976746
86.0,100.29296
86.0,96.556526
93.7,94.62879
77.0,93.04961
60.0,90.02123
58.699997,86.64333
98.700005,83.085175
74.700005,83.785355
53.0,82.10112
68.3,79.249794
104.700005,76.85099
97.700005,75.53012
73.5,76.02835
66.0,75.77428
51.0,74.822624
27.3,72.35307
67.0,69.44768
35.2,68.86963
54.0,67.15841
37.5,63.21144
37.0,60.39031
41.0,58.73428
54.300003,55.971066
38.0,51.417118
37.0,47.087112
44.0,44.401802
34.0,42.59589
23.2,41.540466
31.5,41.400665
30.0,38.598938
28.0,38.002846
38.7,36.01303
26.7,35.656357
28.3,34.95262
23.0,33.885387
25.2,31.677828
32.2,30.627548
20.0,29.967794
18.0,28.459167
7.9999995,27.418793
15.0,26.515425
10.5,25.082731
13.0,23.5687
7.9999995,22.217651
11.0,19.98772
10.0,18.650234
6.0,17.210995
9.0,15.960404
6.0,14.635207
10.0,12.81753
10.0,11.986652
7.9999995,11.383301
17.0,11.375047
14.0,11.280377
6.5,11.527484
7.9999995,11.331799
9.0,11.39215
15.7,11.265012
20.7,11.498637
26.300001,12.333444
36.3,13.378921
20.0,15.248037
31.999998,16.441341
47.2,17.983824
40.199997,20.479944
27.3,22.466244
37.199997,24.148977
47.6,26.528736
47.7,29.318575
85.4,32.2409
92.3,36.55143
59.0,41.696686
83.0,45.419613
89.7,49.174534
111.5,54.64722
112.3,60.51439
116.0,65.90687
112.7,72.22436
134.7,79.2839
106.0,86.43622
87.4,91.658745
127.2,95.33074
134.8,97.77261
99.200005,100.576225
127.99999,103.97567
137.2,106.560074
157.3,109.26776
157.0,111.78566
141.5,114.64318
174.0,116.781944
138.0,120.24539
129.2,121.43068
143.3,123.39207
108.5,126.36586
113.0,125.8548
154.2,124.70636
141.5,126.75098
136.0,127.259796
141.0,127.10972
142.0,126.14666
94.7,125.32221
129.5,123.343414
114.0,120.571465
125.3,119.25301
120.0,118.744194
123.3,117.42098
123.5,118.035
120.0,118.34053
117.0,116.33527
103.0,114.88512
112.0,113.08186
89.7,111.18283
134.0,108.3454
135.5,109.794205
103.0,109.86002
127.49999,109.67742
96.299995,109.55063
94.0,108.56812
93.0,106.88334
91.0,104.9152
69.3,102.947105
87.0,100.07717
77.3,98.41181
84.299995,95.82974
82.0,94.732346
74.0,90.81507
72.700005,86.50131
62.0,84.122536
74.0,79.598
77.2,77.562904
73.700005,75.99092
64.2,74.497696
71.0,72.74642
43.0,72.61081
66.5,69.93501
61.699997,68.53187
67.0,66.646416
66.0,65.248085
58.0,64.52126
63.999996,63.565243
63.0,63.484417
75.7,62.56285
62.0,62.095844
61.0,61.545403
45.8,61.495777
60.0,60.17651
59.0,61.092724
59.0,60.376503
57.0,60.030666
56.0,59.243366
56.0,58.47361
55.0,58.222034
55.5,57.470966
53.0,56.783764
52.3,55.137394
51.0,54.43226
50.0,53.72994
29.300001,53.971813
24.0,52.13615
47.0,49.664207
44.0,47.978962
45.7,46.62995
45.0,45.555725
44.0,44.566532
38.0,43.66482
28.4,42.477432
55.699997,40.92045
41.5,40.49233
41.0,39.985672
40.0,39.528965
11.1,40.43097
28.5,40.18008
67.4,38.46614
51.399998,38.87041
21.4,39.273643
39.899998,38.42547
12.6,37.967205
18.599998,36.741013
31.0,35.87186
17.099998,33.57281
12.900001,31.869852
25.699999,29.861666
13.5,28.39348
19.5,28.44693
25.0,27.307262
18.0,23.916046
22.0,21.633366
23.8,21.53547
15.7,20.387812
31.699999,20.793316
21.0,21.343931
6.7,20.879032
26.9,20.646626
1.5,21.226515
18.4,20.061079
11.0,20.056599
8.400001,19.440893
5.1,18.280735
14.4,17.355438
4.2000003,16.46392
3.9999998,15.166841
3.9999998,14.257482
7.3,12.285562
11.1,11.193737
4.3,11.233229
6.0,9.825984
5.7000003,10.053112
6.9,9.183709
5.8,8.864971
3.0,8.697104
1.9999999,8.60349
3.9999998,7.83756
12.400001,7.772726
1.1,8.075384
0.0,8.061291
0.0,7.651778
0.0,6.9336467
3.0,6.612347
2.4,6.2844253
1.5,6.001045
12.5,5.627965
9.900001,5.7822495
1.6,6.217835
12.6,6.4197984
21.7,6.8119097
8.400001,7.2323413
8.200001,8.092819
10.599999,8.876706
2.1000001,9.675605
0.0,10.101275
0.0,10.059206
4.6,9.90591
2.6999998,9.899251
8.6,9.1572275
6.9,8.837669
9.299999,9.061078
13.900001,8.689284
0.0,8.043218
5.0,7.827054
23.7,7.6377482
21.0,8.10232
19.5,9.377819
11.5,10.849262
12.299999,11.99452
10.5,12.715601
40.100002,13.399883
27.0,14.90068
29.0,16.49992
30.0,18.042786
31.0,19.391014
31.999998,21.726473
31.2,23.735876
35.0,24.465477
38.7,25.574076
33.5,27.047302
32.6,28.92012
39.8,30.578508
48.2,32.541576
47.8,32.96278
47.0,34.53342
40.8,36.026657
42.0,37.18157
44.0,38.19013
46.0,39.16809
48.0,40.289192
50.0,41.264633
51.8,42.13909
38.5,43.520794
34.5,44.344795
50.0,44.166744
50.0,43.921295
50.8,43.946808
29.5,44.203793
25.0,43.94505
44.3,42.943085
36.0,42.39663
48.300003,41.560833
34.100002,41.133705
45.300003,40.15965
54.300003,39.472355
51.0,40.315117
48.0,41.507534
45.300003,41.53439
48.300003,41.454178
48.0,41.467102
50.6,42.998165
33.399998,44.887676
34.8,44.60602
29.8,44.601955
43.100002,43.33971
53.0,43.491222
62.3,43.477257
61.0,43.61119
60.0,44.31937
61.0,45.376793
44.1,46.74019
51.399998,47.135
37.5,47.582775
39.0,47.200787
40.5,47.782303
37.6,48.143528
42.7,48.57267
44.4,48.13433
29.4,47.11245
41.0,44.812267
38.3,42.93733
39.0,41.177998
29.6,39.47648
32.7,38.577877
27.7,37.173805
26.4,36.498566
25.6,35.530285
30.0,34.339184
26.300001,33.49619
24.0,32.2097
27.0,30.710213
25.0,30.317926
24.0,29.074493
12.0,27.986593
12.2,26.322346
9.6,25.074661
23.8,23.397741
10.0,22.60523
12.0,21.52401
12.7,20.428682
12.0,19.058687
5.7000003,17.93466
7.9999995,16.69364
2.6,15.260128
0.0,13.759067
0.0,12.161993
4.5,11.263962
0.0,10.487934
12.299999,9.736017
13.5,8.576021
13.5,8.597771
6.7,8.6367035
7.9999995,8.439625
11.7,8.279779
4.7,8.672603
10.5,8.701137
12.299999,9.220098
7.2,10.025007
9.2,10.647646
0.9,10.971801
2.5,11.193527
1.9999999,10.505951
7.7000003,9.687371
0.3,9.10265
0.2,8.743924
0.4,8.196141
0.0,7.3863406
0.0,6.9832377
0.0,6.1978946
0.0,5.3232374
0.0,4.793144
0.0,4.1673937
0.0,4.072452
0.0,3.8745484
0.0,3.7065737
0.0,3.2064192
0.0,3.1848278
0.0,3.170045
0.0,3.1442568
0.0,3.1442568
0.0,3.1442568
0.0,3.1442568
0.0,3.1442568
0.0,3.1442568
0.0,3.1442568
0.0,3.1442568
0.0,3.1442568
6.6,3.1442568
0.0,3.4126055
2.4,3.5385916
6.1,3.700257
0.8,4.0272923
1.1,4.2152295
11.3,4.3517647
1.9,4.878507
0.7,5.19887
0.0,5.3761888
0.99999994,5.4485993
1.3,5.5015726
0.49999997,5.5434318
15.6,5.1455584
5.2,5.771098
3.9,6.0906315
7.9,6.075621
10.1,6.507564
0.0,7.0451045
10.3,6.605534
1.9,7.04922
16.6,7.3315654
5.5,8.153611
11.2,8.663036
18.300001,9.271345
8.400001,10.257482
15.3,10.037312
27.800001,10.690157
16.699999,12.031541
14.3,12.9243765
22.2,13.509562
12.0,14.989791
5.7000003,15.445712
23.8,15.993142
5.8,16.146654
14.9,16.487337
18.5,16.57951
2.3,16.42793
8.1,16.303598
19.3,15.669301
14.5,14.714841
20.099998,14.531977
19.2,14.764343
32.2,14.59234
26.2,15.7264
31.6,17.274021
9.8,17.90773
55.9,18.898855
35.5,20.938738
47.2,22.61073
31.5,25.85328
33.5,28.147097
37.199997,29.513578
65.0,31.270754
26.300001,33.936714
68.8,35.405533
73.700005,37.438503
58.8,40.768475
44.3,43.431007
43.600002,46.69997
38.800003,46.277
23.2,46.863697
47.8,45.66021
56.4,46.268547
38.1,47.36605
29.9,47.563347
36.399998,45.217056
57.899998,45.54055
96.2,43.88051
26.4,44.31456
21.199999,43.63501
40.0,42.82156
50.0,42.375042
45.0,42.84198
36.7,44.334656
25.6,43.671448
28.9,41.77175
28.4,41.018974
34.9,40.646297
22.4,39.96427
25.4,37.28382
34.5,32.14255
53.1,32.372787
36.399998,33.924564
28.0,33.835297
31.5,32.606327
26.099998,31.741913
31.699999,31.21662
10.900001,31.580402
25.800001,30.776772
32.5,30.266628
20.7,29.735348
3.7,29.689045
20.2,28.443323
19.6,26.873213
35.0,24.224453
31.4,23.559252
26.099998,23.67816
14.9,23.454626
27.5,23.061436
25.1,22.644987
30.6,23.63538
19.2,23.857845
26.6,23.285286
4.5,23.714897
19.400002,24.29496
29.300001,23.934343
10.799999,24.109434
20.6,22.671913
25.9,21.722193
5.2,21.48017
9.0,21.188904
7.9,19.865887
9.700001,18.579624
21.5,16.988081
4.3,16.70383
5.7000003,15.464104
9.2,15.495745
1.6999999,14.585083
1.8,12.789294
2.5,12.091424
4.8,10.737904
4.4,9.205053
18.8,9.050552
4.4,9.261249
0.0,9.217761
0.0,8.733116
0.9,7.39721
16.1,7.151746
13.5,7.4261956
1.5,7.6745133
5.6,7.998917
7.9,8.287137
2.1000001,8.593172
0.0,8.529267
0.4,8.288473
0.0,7.098895
0.0,6.810599
0.0,6.7614174
0.0,6.666283
0.6,6.465174
0.0,5.3416705
0.0,4.428616
0.0,4.2793446
0.49999997,3.874555
0.0,3.3748908
0.0,3.2481158
0.0,3.2509532
0.0,3.227075
20.4,3.227313
21.599998,4.0595503
10.799999,5.3393407
0.0,6.4014587
19.400002,6.8843164
2.8,7.954384
0.0,8.569345
0.0,8.852146
1.4,8.928213
20.5,8.990434
25.2,9.810749
0.0,11.160072
0.8,11.652318
5.0,10.502434
15.5,9.361407
22.4,9.404728
3.8,10.622187
15.400001,10.070849
15.400001,10.866916
30.9,11.925768
25.4,13.662585
15.7,15.352607
15.6,15.426093
11.7,15.103778
22.0,16.199255
17.7,17.508572
18.199999,18.429968
36.7,18.629744
24.0,19.22102
32.4,20.84424
37.100002,21.952166
52.5,23.378685
39.600002,24.649862
18.9,26.174204
50.6,27.360056
39.5,29.520805
68.1,31.815014
34.6,34.68317
47.4,36.83325
57.8,39.057278
46.0,40.51667
56.3,42.514217
56.7,44.21926
42.899998,45.72228
53.7,45.589
49.600002,46.663498
57.2,48.98683
48.2,49.33323
46.100002,50.125725
52.8,48.723515
64.4,49.899178
65.0,50.762283
61.100002,51.229908
89.1,52.49903
98.0,54.403324
54.300003,57.35588
76.4,59.620197
50.4,61.4771
54.7,62.43269
57.0,62.54432
46.600002,63.193
43.0,63.34573
49.4,62.514675
72.299995,60.9407
95.0,60.457428
67.5,61.807655
73.899994,60.63316
90.799995,59.130836
78.299995,61.643456
52.8,62.41923
57.2,63.723858
67.6,64.316536
56.5,65.03461
52.199997,65.98923
72.100006,66.67069
84.600006,67.54082
107.1,67.68264
66.299995,67.85669
65.1,68.691475
43.9,68.50341
50.7,65.89923
62.1,64.01999
84.4,64.31515
81.2,65.49131
82.1,66.33278
47.5,68.1772
50.1,68.639046
93.4,67.10152
54.6,66.53847
38.1,63.44442
33.399998,62.09841
45.2,60.07264
54.899998,59.65768
37.9,59.17489
46.199997,57.215366
43.5,53.89495
28.9,50.838833
30.9,47.1436
55.5,45.697258
55.100002,45.073593
26.9,42.007477
41.3,40.731853
26.7,40.84025
13.900001,40.590588
8.9,38.595623
8.200001,35.33686
21.1,32.950897
14.3,30.455088
27.5,28.084692
11.3,27.273478
14.9,25.79252
11.8,22.670298
2.8,19.591368
12.900001,18.01605
0.99999994,15.8048525
7.0,14.24454
5.7000003,13.630249
11.6,13.294684
7.5,13.202988
5.9,12.209033
9.900001,11.575989
4.9,10.273952
18.1,9.907646
3.9,9.824849
1.4,9.599412
8.8,9.67668
7.8,9.2968445
8.7,9.710632
3.9999998,9.778424
11.5,9.7463255
24.800001,9.580132
30.5,10.359468
34.5,11.802554
7.5,13.447881
24.5,14.468157
19.699999,14.957961
61.5,16.31234
43.600002,19.61933
33.2,22.4739
59.8,24.977715
59.0,28.433504
100.8,32.59379
95.2,38.370583
100.0,43.957966
77.5,49.791893
88.6,54.58235
107.6,61.368206
98.1,67.72921
142.9,74.10991
111.399994,79.61626
124.7,85.58441
116.700005,92.3335
107.8,96.799446
95.1,100.52721
137.40001,100.76051
120.9,102.92314
206.2,104.60871
188.0,111.24555
175.6,117.47893
134.59999,122.21878
138.2,125.48662
111.3,125.93715
158.0,126.59781
162.8,127.95469
134.0,130.23602
96.299995,131.91312
123.700005,132.18587
107.0,130.91005
129.8,129.6285
144.9,125.11049
84.799995,122.31469
140.8,118.01712
126.600006,117.55991
137.6,116.82461
94.5,117.95297
108.2,114.90192
78.799995,111.69441
73.6,108.81903
90.799995,107.275185
77.4,104.53695
79.799995,102.22212
107.6,98.457695
102.5,95.097435
77.7,95.66811
61.8,91.73282
53.8,87.62555
54.6,82.030266
84.7,78.97761
131.20001,76.34887
132.70001,78.52825
90.799995,82.28091
68.8,83.49905
63.6,84.02386
81.2,83.36136
87.7,81.2692
55.5,80.083046
65.9,79.27682
69.2,79.45071
48.5,80.1078
60.7,79.5122
57.8,76.93132
74.0,71.16471
49.8,66.26983
54.300003,63.620625
53.7,62.43495
24.0,61.47079
29.9,57.789623
29.7,53.412006
42.600002,51.128098
67.4,48.644047
55.699997,47.43196
30.800001,47.77704
39.300003,46.1488
35.1,44.671818
28.5,41.89641
19.800001,40.46918
38.800003,38.171642
20.4,36.63811
22.1,36.56556
21.7,35.829643
26.9,34.911377
24.9,33.235817
20.5,29.941154
12.6,27.425867
26.5,26.225859
18.5,24.909302
38.1,23.760033
40.5,23.910152
17.6,25.117435
13.3,24.274652
3.5,24.164295
8.3,23.214863
8.8,22.156843
21.1,20.70976
10.5,19.946135
9.5,19.25606
11.8,18.91502
4.2000003,17.672272
5.2999997,16.625149
19.1,14.239111
12.7,12.391896
9.4,12.105546
14.7,11.990264
13.599999,12.660527
20.8,13.01613
12.0,13.641183
3.7,13.260563
21.199999,13.142396
23.9,13.625371
6.9,14.322917
21.5,14.938198
10.7,15.814904
21.599998,15.477032
25.699999,15.915367
43.600002,16.885885
43.3,18.449953
56.9,20.53044
47.8,23.003538
31.1,26.091444
30.6,28.947298
32.3,30.192415
29.6,31.151657
40.7,33.03972
39.399998,34.28076
59.7,36.311672
38.7,38.50911
51.0,39.797985
63.9,40.169888
69.2,41.336975
59.9,42.22587
65.1,43.70233
46.5,46.574844
54.8,48.62238
107.1,50.52656
55.9,55.06752
60.399998,57.366165
65.5,59.35435
62.6,59.96508
44.899998,61.860638
85.700005,61.859882
44.7,62.509865
75.4,61.469284
85.299995,62.058777
52.199997,63.161217
140.6,64.27968
161.2,68.50852
180.4,71.79904
138.9,80.829475
109.6,88.36143
159.09999,93.650856
111.8,100.45587
108.9,106.32212
107.1,108.78224
102.2,112.90238
123.8,114.5672
139.2,116.277435
132.5,120.26869
100.3,119.538895
132.4,116.432846
114.600006,113.30529
159.90001,112.08191
156.70001,114.29532
131.70001,114.33571
96.5,116.277695
102.5,116.54145
80.6,116.40971
81.2,115.23363
78.0,112.3665
61.3,108.26945
93.7,103.61628
71.5,101.85435
99.7,97.50159
97.0,95.25103
78.0,90.50349
89.4,85.356155
82.6,82.30219
44.1,81.465
61.600002,78.35336
70.0,76.78215
39.1,75.51756
61.600002,73.103264
86.200005,72.27379
71.0,70.60452
54.8,70.30641
60.0,67.29986
75.5,64.51432
105.399994,63.820568
64.6,64.18543
56.5,63.973015
62.6,65.589134
63.2,65.8055
36.1,65.40847
57.399998,65.70989
67.899994,64.776306
62.5,62.836758
50.9,62.070988
71.4,61.878857
68.399994,62.01985
67.5,61.22587
61.2,58.553318
65.4,58.618866
54.899998,59.347305
46.9,59.171356
42.0,58.395226
39.7,58.927643
37.5,57.51204
67.299995,55.086464
54.300003,54.387623
45.399998,54.403538
41.1,52.564342
42.899998,50.607746
37.7,48.685017
47.6,46.956203
34.7,45.350346
40.0,44.084118
45.899998,43.465706
50.4,43.481434
33.5,43.972237
42.300003,43.895973
28.8,41.90993
23.4,40.338448
15.400001,38.914536
20.0,37.1737
20.7,35.241356
26.4,33.65088
24.0,31.66723
21.1,30.594322
18.7,29.032894
15.8,26.949547
22.4,24.459137
12.7,23.389034
28.2,21.457037
21.4,21.051397
12.299999,20.978138
11.400001,21.006268
17.4,20.469336
4.4,20.024555
9.099999,18.702335
5.2999997,17.54988
0.4,16.427256
3.1000001,15.177991
0.0,14.093391
9.700001,12.449507
4.3,11.7823
3.1000001,10.08266
0.49999997,8.82364
4.9,8.041179
0.4,7.448335
6.5,6.3874397
0.0,6.368036
5.0,5.886391
4.6,5.792124
5.9,6.0425916
4.4,6.188774
4.5,6.4865623
7.7000003,6.173333
7.2,6.3501415
13.7,6.6472344
7.4,7.392255
5.2,7.7315936
11.1,8.203163
29.2,8.46261
15.999999,9.9740305
22.2,10.993892
16.9,12.243578
42.399998,13.2731695
40.6,15.444786
31.4,18.014296
37.199997,20.169632
39.0,22.523207
34.9,24.596893
57.5,26.969326
38.3,30.42478
41.4,32.957226
44.5,34.181927
56.7,36.410873
55.3,38.772533
80.1,41.625546
91.200005,43.956207
51.899998,47.57692
66.9,50.465298
83.7,53.0423
87.6,56.28861
90.299995,60.297226
85.700005,63.088398
91.0,67.1463
87.1,71.10637
95.2,74.6062
106.8,77.49191
105.8,81.02967
114.600006,83.07408
97.200005,84.98587
81.0,88.82438
81.5,90.48915
88.0,90.56997
98.899994,90.46445
71.4,90.70488
107.1,90.12352
108.600006,90.44897
116.700005,91.525345
100.3,92.682465
92.200005,92.622635
90.100006,92.119
97.9,90.80171
95.6,90.89548
62.3,91.9742
77.799995,91.359856
101.0,90.36588
98.5,89.751495
56.8,91.12436
87.8,88.336815
78.0,86.23727
82.5,83.45974
79.9,81.992645
67.200005,81.030205
53.7,79.5847
80.5,76.738914
63.1,75.03168
64.5,75.05058
43.600002,73.81407
53.7,69.95139
64.4,66.418365
84.0,66.25749
73.4,65.11528
62.5,64.71801
66.6,63.583668
42.0,62.717182
50.6,61.57031
40.9,61.2104
48.300003,58.436348
56.7,57.052334
66.4,56.04935
40.6,57.14084
53.8,56.482304
40.8,55.28158
32.7,52.225742
48.1,49.408703
22.0,47.890366
39.899998,45.102444
37.7,44.467567
41.2,43.267654
57.7,42.92183
47.1,42.908813
66.299995,42.222816
35.800003,41.862328
40.6,42.309315
57.8,41.6492
54.7,42.64305
54.8,44.338013
28.5,45.05874
33.9,46.343887
57.6,46.004074
28.6,46.744884
48.7,46.198498
39.300003,45.05893
39.5,44.450253
29.4,42.494534
34.5,42.17925
33.600002,41.47366
26.8,39.53132
37.8,37.538918
21.599998,36.007095
17.099998,35.70502
24.599998,34.49153
12.8,31.82232
31.6,30.673693
38.4,28.816145
24.599998,28.261532
17.6,27.398024
12.900001,26.783997
16.5,25.409807
9.299999,24.093657
12.7,22.901049
7.3,21.01817
14.1,20.016565
9.0,19.484936
1.5,18.30862
0.0,17.488579
0.7,15.18539
9.2,12.461221
5.1,11.055513
2.9,10.122713
1.5,9.413908
5.0,8.401772
4.9,7.96671
9.8,7.373415
13.5,7.359614
9.299999,7.2048063
25.2,7.3681064
15.6,8.671304
15.8,9.959591
26.5,11.153918
36.600002,12.247252
26.7,14.269201
31.1,16.315798
28.6,18.585732
34.4,20.552006
43.8,22.72896
61.699997,25.075157
59.1,28.226986
67.6,32.023495
60.899998,35.32245
59.3,39.249348
52.699997,43.012943
41.0,45.59423
104.0,46.705814
108.4,51.183075
59.2,56.686615
79.6,60.548588
80.6,64.145
59.4,67.0623
77.4,67.677956
104.299995,68.89582
77.3,70.9877
114.9,72.856125
159.40001,76.37434
160.0,82.987625
176.0,91.23581
135.6,96.47916
132.4,100.23354
153.8,106.2932
136.0,111.46697
146.40001,115.76511
147.5,121.09656
130.0,125.14777
88.3,126.932724
125.3,127.82766
143.20001,127.53949
162.4,126.01473
145.5,125.6025
91.700005,124.23764
103.0,122.688965
110.0,120.93868
80.3,118.16452
89.0,115.02331
105.399994,111.217354
90.299995,108.02505
79.5,105.4345
120.1,104.5248
88.4,102.95405
102.100006,99.44826
107.6,95.22769
109.9,92.629074
105.5,93.80896
92.899994,94.186295
114.600006,93.58191
103.5,95.61924
112.0,96.782875
83.9,97.25073
86.700005,97.47148
107.0,97.92338
98.3,96.63331
76.2,97.18824
47.899998,95.79564
44.8,92.29409
66.9,87.73844
68.200005,84.075714
47.5,81.468285
47.4,76.57164
55.4,72.1109
49.199997,67.37995
60.8,64.41436
64.2,61.7446
46.4,58.1513
31.999998,54.69531
44.6,51.990295
38.2,51.470547
67.8,50.821365
61.3,49.939045
28.0,49.32611
34.3,48.752228
28.9,47.825108
29.300001,45.8847
14.6,44.18158
22.2,40.897778
33.8,37.497936
29.1,35.954372
11.5,35.403595
23.9,33.15721
12.5,31.551935
14.6,27.565306
2.4,24.147057
12.7,22.479994
17.7,20.613573
9.900001,19.45258
14.3,18.109484
15.0,17.845747
31.2,17.133795
2.3,16.45601
5.1,15.25992
1.6,14.959695
15.2,13.576532
8.8,13.410261
9.900001,13.043761
14.3,13.463163
9.900001,13.378579
8.200001,12.886268
24.4,12.787153
8.7,13.036088
11.7,12.8633585
15.8,11.689027
21.199999,12.587258
13.4,13.583295
5.9,14.572574
6.3,14.250978
16.400002,14.170966
6.7,14.346141
14.5,13.968329
2.3,14.092778
3.3,13.865451
6.0,12.457676
7.8,12.125883
0.1,11.67245
5.8,10.674075
6.4,9.48909
0.1,8.925517
0.0,8.617093
5.2999997,8.156486
1.1,7.243914
4.1000004,6.8699174
0.49999997,6.1186285
0.8,6.04471
0.6,5.8596716
0.0,5.4788218
6.2000003,4.967476
2.4,5.175752
4.8,4.980479
7.5,4.8518867
10.7,5.2735887
6.1,5.89297
12.299999,6.0912533
12.900001,6.777633
7.2,7.4064255
24.0,8.09012
27.5,9.373991
19.5,11.104067
19.3,12.731772
23.5,13.890473
34.100002,15.43664
21.9,17.335484
48.1,18.748245
66.0,20.985968
43.0,24.818937
30.7,27.795835
29.6,29.975878
36.399998,32.072433
53.2,33.062256
51.5,34.63188
51.7,37.030655
43.5,39.54402
60.5,41.376274
76.9,43.093212
58.0,46.65579
53.2,47.900887
63.999996,47.587833
54.8,49.321823
47.3,51.579285
45.0,53.309715
69.3,54.096973
67.5,54.667442
95.799995,55.695995
64.1,58.258026
45.2,60.47335
45.399998,60.184193
40.4,58.24039
57.7,57.138996
59.2,56.938553
84.4,56.304893
41.800003,57.726196
60.6,58.16927
46.9,58.985622
42.8,57.47912
82.1,55.660076
32.1,53.698402
76.5,52.43493
80.6,53.98422
46.0,56.27804
52.600002,57.534737
83.799995,57.288944
84.5,58.306107
75.9,58.288403
91.5,61.204235
86.899994,63.51381
86.8,66.84193
76.1,70.37366
66.5,70.68375
51.2,73.66628
53.1,72.43688
55.8,70.60541
61.9,71.01841
47.8,71.05493
36.600002,68.30985
47.2,64.755684
42.8,61.958645
71.799995,57.94999
49.8,55.709663
55.0,53.12143
73.0,51.50577
83.7,51.573544
66.5,53.677467
50.0,55.23826
39.600002,55.658714
38.7,54.756138
33.3,54.37982
21.7,54.203175
29.9,52.389507
25.9,50.81931
57.300003,47.028416
43.7,46.218967
30.7,44.978268
27.1,41.92723
30.3,37.875843
16.9,35.16872
21.4,33.067585
8.6,31.653658
0.3,29.695208
12.400001,27.469902
10.3,26.242094
13.2,24.416113
4.2000003,22.950636
6.9,19.127785
20.0,16.352987
15.7,15.084764
23.300001,14.175825
21.4,13.508168
7.4,13.864585
6.6,13.426506
6.9,13.567675
20.7,14.078605
12.7,14.300334
7.1,14.551123
7.8,14.335346
5.1,14.5807295
7.0,14.422412
7.1,13.400162
3.1000001,12.67116
2.8,11.316715
8.8,10.068069
2.1000001,9.954913
10.7,9.688346
6.7,9.656122
0.8,8.726999
8.5,8.099444
7.0,8.046802
4.3,7.983849
2.4,7.9973183
6.4,7.768584
9.700001,7.6523666
20.6,7.974618
6.5,8.847224
2.1000001,9.00592
0.2,9.254869
6.7,8.718333
5.2999997,8.608444
0.6,8.865175
5.1,8.430646
1.6,8.20108
4.8,8.036392
1.3,8.056203
11.6,7.691976
8.5,7.4955916
17.2,6.709885
11.2,7.2614155
9.6,8.033567
7.8,8.821131
13.5,9.071825
22.2,9.6052
10.4,10.883058
20.5,11.572864
41.1,12.780127
48.300003,14.795124
58.8,17.82886
33.2,21.056936
53.8,23.771217
51.5,26.532158
41.899998,29.884563
32.3,32.96496
69.1,35.487488
75.6,38.97994
49.9,42.771923
69.6,46.51934
79.6,50.0277
76.3,52.736492
76.8,55.095318
101.4,56.876728
62.8,61.684196
70.5,63.644268
65.4,65.58188
78.600006,67.74285
75.0,70.842155
73.0,71.29788
65.7,71.25491
88.1,72.52244
84.7,73.26704
88.2,73.528755
88.8,74.30986
129.2,75.20491
77.9,76.55384
79.700005,78.96496
75.1,80.270874
93.8,81.35084
83.2,82.16856
84.600006,82.948875
52.3,83.798935
81.6,83.45344
101.2,82.33057
98.899994,82.61307
106.0,83.04694
70.3,83.96988
65.9,80.88397
75.5,80.54179
56.6,80.12891
60.0,79.05264
63.300003,76.50624
67.200005,74.74936
61.0,73.13308
76.9,73.40249
67.5,72.261986
71.5,69.64411
47.8,67.43341
68.899994,63.805054
57.7,63.342415
67.899994,62.85399
47.2,62.108414
70.7,61.832832
29.0,62.068684
57.399998,60.323875
52.0,58.968292
43.8,58.001026
27.7,55.55707
49.0,52.87875
45.0,50.60014
27.199999,50.03038
61.3,47.171787
28.4,46.433475
38.0,44.018906
42.600002,43.131393
40.6,40.902832
29.4,41.60203
29.1,39.78269
31.0,38.172836
20.0,37.15267
11.3,36.670074
27.6,34.051315
21.800001,32.225586
48.1,31.517544
14.3,29.72869
8.400001,29.231197
33.3,27.371286
30.199999,26.051632
36.399998,25.1517
38.3,25.453814
14.5,26.076525
25.800001,25.662848
22.3,26.099834
9.0,26.923481
31.4,25.922451
34.8,25.999634
34.4,24.829817
30.9,26.20775
12.6,27.843014
19.5,26.881449
9.2,26.068058
18.1,24.346973
14.2,22.747843
7.7000003,22.65216
20.5,21.445257
13.5,20.900162
2.9,21.050535
8.400001,19.15488
13.0,17.098015
7.8,15.3501625
10.5,13.797181
9.4,13.534768
13.599999,12.8192625
8.6,12.947024
15.999999,12.369646
15.2,12.328579
12.099999,12.782639
8.3,12.338321
4.3,12.190971
8.3,12.453019
12.900001,12.373326
4.5,12.208869
0.3,12.116617
0.2,11.544019
2.4,10.888321
4.5,9.986658
0.0,9.496989
10.2,8.401633
5.8,7.7591004
0.7,7.3322473
0.99999994,6.9554095
0.6,6.744394
3.7,6.2222495
3.8,5.5468726
0.0,5.4816937
5.2,5.547985
0.0,5.7593045
12.400001,5.6758175
0.0,5.907425
2.8,6.10302
1.4,5.6478333
0.9,5.428853
2.3,5.4810286
7.6,5.5365005
16.3,5.836654
10.3,6.4079814
1.1,6.9553905
8.3,7.349273
17.0,7.528674
13.5,8.4381
26.099998,8.623339
14.6,10.180015
16.3,11.327154
27.9,12.532204
28.8,14.231133
11.1,16.071012
38.899998,16.888643
44.5,18.07195
45.600002,20.347446
31.6,23.5961
24.5,25.864859
37.199997,26.989212
43.0,28.645096
39.5,29.833998
41.899998,31.82074
50.6,33.757744
58.2,35.32702
30.1,37.407337
54.2,39.562576
38.0,40.37744
54.6,40.32349
54.8,40.829643
85.799995,42.59058
56.5,46.407715
39.300003,48.590572
48.0,49.246674
49.0,50.02845
73.0,50.560043
58.8,51.60483
55.0,51.978935
78.7,54.05494
107.2,55.433342
55.5,59.73801
45.5,61.111313
31.3,61.247566
64.5,58.032097
55.3,57.9996
57.7,59.0701
63.2,59.559917
103.6,60.213074
47.7,61.30886
56.1,61.610245
17.8,61.794712
38.899998,58.241833
64.7,53.01231
76.4,52.819473
108.2,54.43878
60.7,59.024857
52.600002,59.8591
42.899998,60.403736
40.4,59.808365
49.699997,58.22276
54.300003,54.141636
85.0,54.405514
65.4,55.733517
61.5,59.398655
47.3,61.12369
39.2,60.13664
33.9,57.571342
28.699999,52.35169
57.6,50.10365
40.8,49.600933
48.1,49.4332
39.5,49.607574
90.5,48.743137
86.899994,49.846485
32.3,49.741417
45.5,48.9662
39.5,48.26327
56.7,48.131954
46.600002,49.164116
66.299995,50.271946
32.3,52.490273
36.0,51.363117
22.6,51.030434
35.800003,49.270298
23.099998,48.242508
38.800003,43.17636
58.4,39.162617
55.8,40.20358
54.2,40.71112
26.4,41.759846
31.5,40.3767
21.4,39.427517
8.400001,36.56749
22.2,35.239765
12.299999,33.875107
14.1,33.00549
11.5,31.105877
26.2,29.847916
38.3,28.058422
4.9,25.826065
5.8,22.78977
3.3999999,19.606607
9.0,18.058071
7.8,16.32169
16.5,15.292846
9.0,15.474563
2.2,14.601315
3.5,14.0284815
3.9999998,13.213177
3.9999998,12.500498
2.6,10.835678
4.2000003,8.467381
2.2,8.348883
0.3,8.097196
0.0,7.869347
4.9,7.212553
4.5,6.804245
4.4,5.9452543
4.1000004,5.6355658
3.0,5.7669535
0.3,5.7708006
9.5,5.6147065
4.6,5.781704
1.1,5.982574
6.4,5.9230127
2.3,6.135537
2.9,6.3527904
0.49999997,6.545816
0.9,6.309328
0.0,6.065411
0.0,5.7752457
1.6999999,5.4809456
0.2,5.3118973
1.2,5.2599244
3.1000001,4.6659803
0.7,4.491021
3.8,4.4780107
2.8,4.246542
2.6,4.291789
3.1000001,4.3052416
17.3,4.4921327
5.2,5.2474194
11.400001,5.8378587
5.3999996,6.5867267
7.7000003,7.0497346
12.7,7.61658
8.200001,8.3212595
16.400002,8.809514
22.3,9.746072
23.0,10.866381
42.300003,12.26244
38.800003,14.604162
41.3,17.192307
33.0,19.135126
68.8,21.664284
71.600006,25.303085
69.6,30.19857
49.5,35.255413
53.5,39.157486
42.5,43.135162
34.5,45.796204
45.300003,47.249245
55.4,48.71604
67.0,49.302845
71.799995,50.90562
74.5,52.883644
67.700005,55.745186
53.5,55.919563
35.2,55.240612
45.1,53.589046
50.7,53.316692
65.600006,52.969097
53.0,54.18817
74.700005,55.618683
71.9,57.15236
94.8,58.193954
74.700005,59.68544
114.100006,60.470688
114.9,62.938137
119.8,66.78559
154.5,72.2885
129.4,80.85459
72.2,88.07709
96.4,91.847755
129.3,94.459915
96.0,99.05217
65.299995,101.07911
72.2,101.35368
80.5,99.7487
76.7,99.35969
59.4,96.34893
107.6,92.371346
101.7,89.97838
79.9,85.94824
85.0,82.99829
83.4,83.8094
59.2,82.83134
48.1,78.569916
79.5,75.658295
66.5,75.86607
51.8,75.30416
88.1,73.38039
111.200005,73.1465
64.7,75.684525
69.0,73.45401
54.7,71.414665
52.8,70.05493
42.0,67.900345
34.9,65.17569
51.1,63.45112
53.9,62.854443
70.2,60.370155
14.8,59.76744
33.3,57.812492
38.7,53.24851
27.5,47.45605
19.2,44.63687
36.3,41.022514
49.600002,39.04011
27.199999,38.114094
29.9,37.309425
31.5,36.814533
28.3,35.186344
26.7,33.275597
32.4,30.286167
22.2,31.361584
33.7,30.729895
41.899998,30.123825
22.800001,30.840342
17.8,31.430378
18.199999,30.298132
17.8,28.107174
20.3,27.364824
11.8,26.481878
26.4,25.137842
54.7,24.521717
11.0,25.523018
7.9999995,24.869001
5.8,24.211597
10.900001,22.346033
6.5,20.039883
4.7,18.883032
6.2000003,17.893063
7.4,16.85582
17.5,15.881799
4.5,15.20498
1.5,14.69817
3.3,12.946176
6.1,9.485184
3.2,9.059172
9.099999,8.751526
3.5,8.789242
0.49999997,8.372435
13.2,8.061731
11.6,8.3005
10.0,8.568891
2.8,8.759119
0.49999997,8.049228
5.1,7.9684744
1.8,8.145055
11.3,8.082339
20.8,8.184815
24.0,9.024191
28.1,9.899349
19.3,11.518453
25.1,13.114264
25.6,14.051451
22.5,15.218727
16.5,16.429083
5.5,17.807423
23.2,18.661802
18.0,19.637516
31.699999,20.73266
42.8,21.726606
47.5,22.836187
38.5,24.325125
37.9,25.44977
60.2,27.116053
69.2,29.389101
58.600002,32.541595
98.6,35.874004
71.799995,41.530277
70.0,47.464085
62.5,51.812893
38.5,55.914978
64.3,57.50153
73.5,58.841362
52.3,60.481895
61.600002,61.938995
60.8,63.44036
71.5,63.29138
60.5,63.02677
79.4,63.137558
81.6,61.336754
93.0,61.991554
69.6,63.62001
93.5,65.03388
79.1,68.8812
59.1,70.474304
54.899998,70.34437
53.8,70.95075
68.399994,70.44518
63.1,70.44452
67.200005,69.61772
45.2,69.67783
83.5,67.40208
73.5,66.44549
85.4,64.88484
80.6,65.66924
76.9,64.93652
91.4,65.222046
98.0,67.60274
83.799995,70.82594
89.7,73.61361
61.4,75.47154
50.3,76.31979
59.0,75.74215
68.899994,76.415886
64.1,74.81046
50.2,73.78934
52.8,71.25846
58.2,68.897766
71.9,66.93709
70.2,64.731064
65.799995,62.417885
34.4,61.13133
54.0,58.016777
81.1,57.25752
108.0,58.64073
65.299995,61.304432
49.199997,62.102283
35.0,62.0422
38.2,61.65763
36.8,60.569935
28.8,58.730297
21.9,55.397167
24.9,51.668858
32.1,48.20461
34.4,47.141304
35.6,44.820625
25.800001,40.812416
14.6,34.835945
43.100002,31.427015
30.0,30.272392
31.2,29.975433
24.599998,29.493393
15.3,28.85396
17.4,28.225424
13.0,27.876848
19.0,26.988708
10.0,25.737597
18.7,24.00718
17.8,22.49004
12.099999,21.72605
10.599999,21.440907
11.2,19.11452
11.2,17.691591
17.900002,16.230818
22.2,15.550893
9.6,15.821723
6.7999997,15.566297
3.9999998,15.301041
8.9,14.387714
8.200001,14.140135
11.0,13.328776
12.299999,12.731233
22.2,12.633036
10.1,13.109583
2.9,13.242934
3.2,12.925512
5.2,11.988811
2.8,10.82032
0.2,10.392274
5.1,9.980932
3.0,9.856196
0.6,9.36903
0.3,8.804016
3.3999999,7.9917464
7.8,7.203079
4.3,6.0766096
11.3,5.7412953
19.699999,6.1520324
6.7,7.0239267
9.299999,7.4668493
8.3,8.041797
3.9999998,8.711253
5.7000003,8.853143
8.7,9.101221
15.400001,9.594907
18.9,10.409857
20.5,11.302778
23.099998,12.118093
12.2,13.360674
27.3,13.768782
45.7,14.154104
33.9,16.443954
30.1,18.541317
42.1,20.551205
53.2,23.296053
64.2,26.60884
61.5,30.532415
62.8,34.253757
74.3,37.926685
77.1,42.1187
74.899994,46.535828
54.6,51.72219
70.0,54.769268
52.3,56.804344
87.0,58.867477
76.0,62.42784
89.0,65.03397
115.4,67.455185
123.399994,70.656586
132.5,75.08741
128.5,80.28409
83.9,84.85947
109.299995,87.218834
116.700005,90.09145
130.3,94.555916
145.09999,98.64191
137.7,104.52345
100.7,108.12797
124.9,110.59166
74.399994,112.57855
88.8,110.85847
98.399994,108.52452
119.2,105.98483
86.5,104.79416
101.0,105.08738
127.4,104.09065
97.5,103.88773
165.3,102.01555
115.700005,102.14733
89.6,101.708466
99.1,102.05796
122.200005,100.811066
92.700005,103.50937
80.3,104.17674
77.4,103.26865
64.6,100.6048
109.100006,99.00183
118.3,98.13045
101.0,96.71477
97.6,96.78566
105.8,92.51482
112.6,91.85843
88.1,93.311516
68.1,93.15325
42.1,90.29281
50.5,87.59359
59.4,85.26821
83.3,83.241196
60.7,83.096565
54.399998,79.38083
83.9,74.619415
67.5,72.30884
105.5,69.97255
66.5,68.93244
55.0,66.47054
58.4,64.92509
68.3,64.584496
45.600002,66.31895
44.5,66.3476
46.4,65.19059
32.800003,62.25914
29.5,60.174297
59.8,57.948997
66.9,54.91044
60.0,53.917755
65.9,50.505604
46.3,50.375114
38.3,50.306602
33.7,49.29075
35.6,47.10005
52.8,46.380333
54.2,46.461292
60.7,46.804104
25.0,48.56625
11.400001,48.930717
17.7,45.805435
20.2,41.936962
17.2,38.579983
19.2,34.76875
30.7,32.440643
22.5,31.235329
12.400001,30.197601
28.9,28.484985
27.4,26.166262
26.099998,24.033262
14.1,21.691948
7.6,21.367527
13.2,21.414907
19.400002,21.000397
10.0,20.669287
7.8,20.220049
10.2,19.381927
18.8,17.804781
3.7,17.18512
0.49999997,16.716595
11.0,14.816144
0.3,13.364757
2.5,11.742282
5.0,10.890458
5.0,10.523901
16.699999,9.823181
14.3,9.2750845
16.9,9.49753
10.799999,10.046541
28.4,10.274873
18.5,10.67356
12.7,11.969279
21.5,13.164382
31.999998,13.922426
30.6,15.939829
36.2,17.987963
42.600002,20.195765
25.9,22.821169
34.9,24.101896
68.8,25.703876
46.0,28.743345
27.4,31.86315
47.6,32.78607
86.200005,34.884335
76.6,39.349995
75.7,43.608845
84.9,47.31761
73.5,51.650345
116.200005,55.239017
107.2,60.31235
94.4,66.85672
102.299995,72.16787
123.8,75.29706
121.700005,81.048584
115.700005,88.09128
113.4,93.29856
129.8,95.71831
149.79999,99.35512
201.3,104.03949
163.9,110.66879
157.90001,117.00041
188.8,120.36129
169.4,125.188675
163.6,129.94513
127.99999,133.64357
116.5,134.644
108.5,134.69644
86.1,134.21547
94.8,132.52408
189.7,129.90839
174.0,130.04959
167.8,128.46101
142.2,128.78796
157.90001,128.46274
143.3,127.030495
136.29999,126.14657
95.799995,125.2369
138.0,124.34046
119.1,125.090004
182.3,125.672165
157.5,129.55965
147.0,132.46512
106.2,130.58752
121.700005,127.738235
125.8,125.24979
123.8,124.123825
145.3,122.19149
131.59999,121.94859
143.5,121.85789
117.6,124.167305
101.6,123.32997
94.8,122.373314
109.700005,117.520775
113.4,114.3598
106.2,112.10208
83.600006,111.886925
91.0,109.690674
85.200005,107.15736
51.300003,104.351364
61.4,98.55977
54.8,93.34678
54.1,86.934
59.9,81.98385
59.9,78.25914
59.9,75.02397
92.899994,70.83907
108.5,68.14233
100.6,67.57218
61.5,68.99122
61.0,68.28204
83.1,67.373085
51.600002,69.53615
52.4,69.670265
45.8,69.719696
40.7,69.15367
22.699999,67.58695
22.0,64.80123
29.1,61.34386
23.4,55.651432
36.399998,48.767212
39.300003,43.21688
54.899998,40.908
28.2,39.59932
23.8,36.07094
22.1,34.32869
34.3,32.2704
26.5,31.157305
3.9,30.286715
10.0,29.544355
27.800001,28.568863
12.5,27.762278
21.800001,26.902145
8.6,25.399475
23.5,23.248024
19.3,20.638891
8.200001,19.935097
1.6,19.067831
2.5,17.810188
0.2,15.608627
0.49999997,13.820093
10.900001,13.419593
1.8,12.968816
0.8,11.190875
0.2,10.306845
4.8,8.77404
8.400001,8.248498
1.5,7.0333343
7.0,5.9905853
9.2,5.852334
7.6,6.2986083
23.099998,6.696373
20.8,7.886142
4.9,9.252792
11.3,9.411109
28.9,10.181864
31.699999,11.750058
26.7,13.807856
40.7,15.5689
42.7,17.733791
58.5,20.734838
89.2,24.26022
76.9,29.493893
73.6,35.149853
124.0,39.77504
118.4,47.04899
110.700005,56.23152
136.6,64.825294
116.6,73.26673
129.1,80.850105
169.59999,88.85389
173.2,97.523285
155.3,106.45271
201.3,113.46654
192.09999,120.14624
165.0,127.24705
130.2,132.9472
157.4,134.27321
175.2,136.21199
164.6,139.03925
200.7,140.4713
187.2,143.86224
158.0,146.39578
235.8,146.27301
253.8,148.41968
210.90001,152.28853
239.4,153.42485
202.5,155.62338
164.9,157.6462
190.7,159.13618
196.0,160.01942
175.3,160.51483
171.5,160.66612
191.4,159.54192
200.2,159.37111
201.2,160.33656
181.5,159.20784
152.3,156.9786
187.6,154.95502
217.4,152.91481
143.09999,153.32498
185.7,152.83513
163.3,152.39381
172.0,151.20622
168.70001,150.9031
149.6,150.60858
199.6,148.92961
145.2,148.50737
111.399994,146.5945
124.0,143.84459
125.0,142.07005
146.3,138.80452
106.0,135.1129
102.2,133.21031
122.0,128.85066
119.6,126.02302
110.200005,122.80742
121.700005,119.38258
134.09999,117.274315
127.2,113.240974
82.8,112.302315
89.6,111.335304
85.6,109.20436
57.899998,106.572105
46.100002,101.2865
53.0,97.2344
61.4,93.11548
51.0,87.97133
77.4,82.54599
70.2,78.825
55.9,74.46271
63.6,68.776566
37.7,63.921173
32.6,61.074524
40.0,57.072582
38.7,53.49466
50.3,51.855537
45.600002,51.53397
46.4,50.68065
43.7,49.295948
42.0,48.512444
21.800001,45.801605
21.800001,42.704582
51.300003,40.24323
39.5,38.52966
26.9,38.639214
23.2,38.48079
19.800001,37.33844
24.4,35.892704
17.099998,33.703472
29.300001,31.560188
43.0,29.840082
35.899998,29.19308
19.6,28.797443
33.2,29.083502
38.800003,29.603361
35.3,28.520216
23.4,28.370642
14.9,28.598114
15.3,28.444246
17.7,28.207386
16.5,27.588509
8.6,27.32546
9.5,25.783302
9.099999,23.222923
3.1000001,21.138302
9.299999,19.835741
4.7,17.76608
6.1,15.26689
7.4,13.11613
15.099999,11.880432
17.5,11.579601
14.2,11.533685
11.7,11.353161
6.7999997,11.189502
24.1,11.299904
15.9,11.976079
11.9,12.620596
8.9,13.449525
16.800001,13.642457
20.099998,14.352981
15.8,15.185864
17.0,15.826912
28.2,15.971368
24.4,16.47436
25.3,17.276297
48.7,18.321697
45.300003,20.74191
47.7,22.372253
56.7,24.891884
51.2,28.252768
50.2,31.804674
57.2,34.746544
57.2,37.75387
70.4,41.15583
110.899994,45.092266
93.6,50.45927
111.8,56.221466
69.5,62.81163
86.5,66.04303
67.299995,69.59687
91.5,71.95063
107.2,74.38409
76.8,78.159195
88.2,80.84635
94.3,83.076584
126.4,85.45383
121.799995,88.4417
111.9,89.24536
92.200005,91.01866
81.2,90.71861
127.2,92.22411
110.299995,94.31115
96.100006,97.342
109.299995,98.08968
117.200005,98.24458
107.7,100.69545
86.0,102.06827
109.799995,101.887436
104.399994,100.43944
120.5,99.32204
135.79999,99.64355
106.8,102.155495
120.0,104.27391
106.0,103.91123
96.799995,104.0643
98.0,104.40199
91.299995,103.704895
95.7,102.14773
93.5,101.22281
97.9,101.42504
111.5,100.29633
127.8,100.14149
102.9,100.02405
109.5,98.35288
127.49999,98.61007
106.8,98.93911
112.5,99.57409
93.0,100.826416
99.5,101.08406
86.6,101.65048
95.2,101.240814
83.5,101.03355
91.299995,99.966805
79.0,98.198296
60.7,94.94029
71.799995,92.1664
57.5,89.01613
49.8,84.04791
81.0,79.81188
61.4,76.472206
50.2,74.03054
51.7,70.50138
63.2,67.663704
82.2,64.733185
61.5,63.79665
88.4,61.903713
80.1,62.1251
63.2,63.73741
80.5,63.842117
88.0,65.47869
76.5,68.131996
76.8,68.321045
63.999996,69.82366
61.3,71.35543
41.6,72.226524
45.300003,71.027504
43.4,68.178
42.899998,66.432
46.0,62.6729
57.7,59.633484
42.399998,58.362656
39.5,55.409157
23.099998,51.705593
25.6,47.977726
59.3,44.051857
30.7,42.59666
23.9,40.708015
23.300001,39.63095
27.6,37.98263
26.0,36.520725
21.300001,35.03092
40.3,33.09442
39.5,31.21859
36.0,30.80084
55.8,30.640202
33.600002,32.532726
40.199997,33.575615
47.1,32.412582
25.0,33.658035
20.5,34.48033
18.9,34.69366
11.5,34.196247
11.5,33.235374
5.1,32.26246
9.0,29.52965
11.400001,26.866266
28.2,24.548054
39.7,21.79595
13.900001,21.503477
9.099999,20.093472
19.400002,17.83576
7.8,17.35071
8.1,16.77258
4.3,16.152088
21.9,15.770898
18.8,16.025051
12.400001,16.819721
12.2,17.104641
1.9,17.074862
16.400002,15.439701
13.5,13.567751
20.6,13.5069065
5.2,14.087707
15.3,13.509304
16.400002,13.908256
23.099998,14.400338
8.7,15.449925
12.900001,14.884085
18.599998,14.543414
38.5,14.870986
21.4,16.195261
30.1,17.87277
44.0,18.837105
43.8,20.739538
29.1,22.536215
43.199997,24.867874
51.899998,26.903202
93.6,29.435463
76.5,33.760185
99.7,39.3225
82.7,45.812
95.1,51.583656
70.4,56.437508
58.100002,61.428093
138.2,64.613
125.1,70.14077
97.9,76.36432
122.700005,82.46402
166.6,88.14089
137.5,95.26331
138.0,99.14218
101.5,103.9055
134.40001,105.474304
149.5,108.79528
159.40001,112.17284
142.2,117.47594
188.4,122.512596
186.2,124.95672
183.3,128.52196
176.3,133.27148
159.59999,136.34087
155.0,136.69629
126.2,137.95647
164.1,137.90591
179.9,140.26686
157.3,141.92505
136.29999,142.36165
135.40001,141.48528
155.0,140.89293
164.7,139.01323
147.90001,137.76794
174.40001,136.24098
114.0,135.97966
141.3,134.44211
135.5,133.57657
156.4,133.74939
127.49999,132.9644
90.0,130.63007
143.8,127.6144
158.7,127.14018
167.3,127.699425
162.4,128.05632
137.5,128.10152
150.1,128.07436
111.200005,127.06339
163.6,127.45916
153.8,128.07666
122.0,129.0307
82.2,127.84607
110.4,126.06125
106.1,126.33403
107.6,123.76573
118.8,120.444695
94.7,117.15747
98.1,113.28207
126.99999,110.61498
84.299995,108.47039
51.0,107.029686
66.5,100.50938
80.700005,94.48491
99.200005,91.03131
91.1,91.12955
82.2,89.47376
71.799995,87.7716
50.3,85.36526
55.8,80.98728
33.3,77.939514
33.399998,73.38151
